,accidents
2185,-0.2371026526775934
907,-0.306324172236198
951,-0.306324172236198
2775,-0.2371026526775934
2007,-0.306324172236198
1512,-0.306324172236198
3952,-0.2371026526775934
1261,-0.306324172236198
3417,-0.2371026526775934
2588,-0.2371026526775934
2046,-0.2371026526775934
1868,-0.306324172236198
2675,-0.2371026526775934
4028,-0.2371026526775934
90,-0.306324172236198
3110,-0.2371026526775934
745,-0.306324172236198
3525,-0.2371026526775934
916,-0.306324172236198
3367,-0.2371026526775934
3536,-0.2371026526775934
1821,-0.306324172236198
754,-0.306324172236198
3722,-0.2371026526775934
641,2.7061125654622176
426,-0.306324172236198
1148,2.7061125654622176
650,-0.306324172236198
1577,-0.306324172236198
475,-0.306324172236198
2003,-0.306324172236198
279,-0.306324172236198
1744,-0.306324172236198
1498,-0.306324172236198
3237,-0.2371026526775934
1825,-0.306324172236198
3920,-0.2371026526775934
493,-0.306324172236198
357,-0.306324172236198
2744,-0.2371026526775934
2658,-0.2371026526775934
2920,-0.2371026526775934
2580,-0.2371026526775934
2137,-0.2371026526775934
512,-0.306324172236198
1003,-0.306324172236198
3813,-0.2371026526775934
654,-0.306324172236198
929,2.7061125654622176
3495,-0.2371026526775934
1199,-0.306324172236198
3650,-0.2371026526775934
3645,-0.2371026526775934
2457,-0.2371026526775934
3273,-0.2371026526775934
320,-0.306324172236198
527,-0.306324172236198
1927,-0.306324172236198
3614,-0.2371026526775934
2063,-0.2371026526775934
171,-0.306324172236198
3754,-0.2371026526775934
999,-0.306324172236198
921,-0.306324172236198
1280,-0.306324172236198
1378,-0.306324172236198
762,-0.306324172236198
2086,-0.2371026526775934
2470,-0.2371026526775934
2688,-0.2371026526775934
1275,-0.306324172236198
3926,-0.2371026526775934
1571,2.7061125654622176
1305,-0.306324172236198
844,-0.306324172236198
3692,-0.2371026526775934
1737,-0.306324172236198
3740,-0.2371026526775934
1031,-0.306324172236198
2652,-0.2371026526775934
573,2.7061125654622176
3884,-0.2371026526775934
2279,-0.2371026526775934
2576,-0.2371026526775934
605,-0.306324172236198
2278,-0.2371026526775934
674,-0.306324172236198
100,-0.306324172236198
3773,-0.2371026526775934
1836,2.7061125654622176
1785,-0.306324172236198
1340,-0.306324172236198
3373,-0.2371026526775934
3335,-0.2371026526775934
2209,-0.2371026526775934
744,-0.306324172236198
2708,3.9929765313757546
267,-0.306324172236198
3777,-0.2371026526775934
2290,-0.2371026526775934
3976,-0.2371026526775934
841,-0.306324172236198
427,-0.306324172236198
1181,-0.306324172236198
672,-0.306324172236198
747,-0.306324172236198
663,2.7061125654622176
3299,-0.2371026526775934
359,-0.306324172236198
461,-0.306324172236198
3118,-0.2371026526775934
1576,-0.306324172236198
2512,-0.2371026526775934
1224,-0.306324172236198
3663,-0.2371026526775934
1811,-0.306324172236198
780,2.7061125654622176
2672,-0.2371026526775934
1909,5.718549303160633
1193,-0.306324172236198
2466,-0.2371026526775934
1596,-0.306324172236198
1144,-0.306324172236198
220,-0.306324172236198
3290,-0.2371026526775934
1155,-0.306324172236198
2479,-0.2371026526775934
729,-0.306324172236198
396,-0.306324172236198
3183,-0.2371026526775934
691,-0.306324172236198
667,-0.306324172236198
2795,-0.2371026526775934
316,-0.306324172236198
3337,-0.2371026526775934
1515,-0.306324172236198
3944,-0.2371026526775934
1207,-0.306324172236198
814,-0.306324172236198
3188,-0.2371026526775934
2507,-0.2371026526775934
3752,-0.2371026526775934
3157,3.9929765313757546
1295,-0.306324172236198
38,-0.306324172236198
1952,-0.306324172236198
3339,-0.2371026526775934
242,-0.306324172236198
2169,-0.2371026526775934
3014,-0.2371026526775934
3828,-0.2371026526775934
3693,-0.2371026526775934
863,-0.306324172236198
335,-0.306324172236198
948,-0.306324172236198
878,2.7061125654622176
207,-0.306324172236198
3551,-0.2371026526775934
1525,-0.306324172236198
673,-0.306324172236198
2338,-0.2371026526775934
3087,3.9929765313757546
2210,-0.2371026526775934
809,-0.306324172236198
705,-0.306324172236198
2378,-0.2371026526775934
3659,-0.2371026526775934
2663,-0.2371026526775934
880,-0.306324172236198
3102,-0.2371026526775934
2344,-0.2371026526775934
3177,-0.2371026526775934
2283,-0.2371026526775934
1793,2.7061125654622176
2655,-0.2371026526775934
1562,-0.306324172236198
37,-0.306324172236198
2598,-0.2371026526775934
519,-0.306324172236198
3058,-0.2371026526775934
3142,-0.2371026526775934
1513,-0.306324172236198
738,-0.306324172236198
3235,-0.2371026526775934
157,2.7061125654622176
3320,-0.2371026526775934
1556,-0.306324172236198
1883,2.7061125654622176
2391,-0.2371026526775934
1697,-0.306324172236198
1670,-0.306324172236198
1005,-0.306324172236198
2132,-0.2371026526775934
2254,-0.2371026526775934
1285,-0.306324172236198
2673,-0.2371026526775934
3661,-0.2371026526775934
1834,-0.306324172236198
308,-0.306324172236198
2972,-0.2371026526775934
822,-0.306324172236198
1585,-0.306324172236198
2736,-0.2371026526775934
3466,-0.2371026526775934
1257,2.7061125654622176
344,-0.306324172236198
3265,-0.2371026526775934
860,2.7061125654622176
3695,-0.2371026526775934
2427,-0.2371026526775934
505,-0.306324172236198
234,-0.306324172236198
3825,-0.2371026526775934
323,-0.306324172236198
3612,-0.2371026526775934
1316,-0.306324172236198
3603,-0.2371026526775934
2160,-0.2371026526775934
2386,-0.2371026526775934
2536,-0.2371026526775934
3530,-0.2371026526775934
3028,-0.2371026526775934
2572,-0.2371026526775934
1042,-0.306324172236198
3338,-0.2371026526775934
794,-0.306324172236198
847,-0.306324172236198
3086,-0.2371026526775934
3724,-0.2371026526775934
0,-0.306324172236198
3568,-0.2371026526775934
845,-0.306324172236198
59,-0.306324172236198
1913,-0.306324172236198
2116,-0.2371026526775934
126,-0.306324172236198
266,-0.306324172236198
127,2.7061125654622176
875,-0.306324172236198
318,2.7061125654622176
2030,-0.2371026526775934
3448,-0.2371026526775934
3172,-0.2371026526775934
104,2.7061125654622176
613,-0.306324172236198
489,-0.306324172236198
1790,-0.306324172236198
345,-0.306324172236198
2935,-0.2371026526775934
3609,-0.2371026526775934
3387,-0.2371026526775934
2590,-0.2371026526775934
1599,-0.306324172236198
315,-0.306324172236198
1718,-0.306324172236198
2982,-0.2371026526775934
1745,-0.306324172236198
1396,-0.306324172236198
2996,-0.2371026526775934
474,-0.306324172236198
698,-0.306324172236198
3510,-0.2371026526775934
3068,-0.2371026526775934
3605,-0.2371026526775934
1024,-0.306324172236198
1884,-0.306324172236198
1649,-0.306324172236198
3783,3.9929765313757546
1016,-0.306324172236198
2071,-0.2371026526775934
3394,-0.2371026526775934
3049,-0.2371026526775934
43,-0.306324172236198
2616,-0.2371026526775934
2860,-0.2371026526775934
913,-0.306324172236198
3577,-0.2371026526775934
183,-0.306324172236198
3619,-0.2371026526775934
3268,-0.2371026526775934
2483,-0.2371026526775934
543,5.718549303160633
996,-0.306324172236198
1303,-0.306324172236198
3716,-0.2371026526775934
3518,-0.2371026526775934
2943,-0.2371026526775934
2000,-0.306324172236198
774,-0.306324172236198
2052,-0.2371026526775934
1592,-0.306324172236198
278,2.7061125654622176
120,-0.306324172236198
2462,-0.2371026526775934
3611,-0.2371026526775934
1324,-0.306324172236198
383,-0.306324172236198
2433,-0.2371026526775934
961,-0.306324172236198
3117,-0.2371026526775934
2405,-0.2371026526775934
507,-0.306324172236198
3351,-0.2371026526775934
772,-0.306324172236198
374,-0.306324172236198
404,-0.306324172236198
3059,-0.2371026526775934
795,-0.306324172236198
3096,-0.2371026526775934
3051,-0.2371026526775934
3233,-0.2371026526775934
2477,-0.2371026526775934
628,-0.306324172236198
3029,-0.2371026526775934
681,-0.306324172236198
1921,-0.306324172236198
208,-0.306324172236198
3772,-0.2371026526775934
457,-0.306324172236198
2871,-0.2371026526775934
2147,-0.2371026526775934
2727,-0.2371026526775934
1705,-0.306324172236198
173,-0.306324172236198
1411,-0.306324172236198
868,-0.306324172236198
467,-0.306324172236198
3277,3.9929765313757546
3378,-0.2371026526775934
2936,3.9929765313757546
1464,-0.306324172236198
2809,-0.2371026526775934
1863,-0.306324172236198
1663,-0.306324172236198
3854,-0.2371026526775934
1683,-0.306324172236198
2964,-0.2371026526775934
1669,-0.306324172236198
1869,-0.306324172236198
2850,-0.2371026526775934
2827,-0.2371026526775934
546,-0.306324172236198
2322,-0.2371026526775934
2435,-0.2371026526775934
2159,-0.2371026526775934
2859,-0.2371026526775934
3065,-0.2371026526775934
3443,-0.2371026526775934
2370,-0.2371026526775934
977,-0.306324172236198
1355,-0.306324172236198
3889,-0.2371026526775934
4021,-0.2371026526775934
3454,-0.2371026526775934
1748,-0.306324172236198
1948,-0.306324172236198
1508,-0.306324172236198
687,-0.306324172236198
26,-0.306324172236198
2961,-0.2371026526775934
1895,-0.306324172236198
2397,-0.2371026526775934
395,-0.306324172236198
2931,-0.2371026526775934
2336,-0.2371026526775934
48,-0.306324172236198
1925,-0.306324172236198
2762,-0.2371026526775934
2699,-0.2371026526775934
1700,-0.306324172236198
2021,-0.2371026526775934
947,-0.306324172236198
2892,-0.2371026526775934
3770,-0.2371026526775934
3979,-0.2371026526775934
3140,-0.2371026526775934
1111,-0.306324172236198
837,-0.306324172236198
3735,-0.2371026526775934
1978,-0.306324172236198
2445,-0.2371026526775934
1736,-0.306324172236198
655,-0.306324172236198
3838,-0.2371026526775934
1350,-0.306324172236198
2954,-0.2371026526775934
2253,-0.2371026526775934
3905,3.9929765313757546
2973,-0.2371026526775934
112,-0.306324172236198
3103,-0.2371026526775934
2758,-0.2371026526775934
1628,-0.306324172236198
3241,-0.2371026526775934
3698,-0.2371026526775934
965,-0.306324172236198
2738,-0.2371026526775934
2236,-0.2371026526775934
212,-0.306324172236198
253,-0.306324172236198
3681,-0.2371026526775934
3758,-0.2371026526775934
564,-0.306324172236198
1624,-0.306324172236198
249,-0.306324172236198
3684,-0.2371026526775934
1343,-0.306324172236198
733,-0.306324172236198
1449,-0.306324172236198
1260,-0.306324172236198
78,-0.306324172236198
3818,-0.2371026526775934
697,-0.306324172236198
2293,-0.2371026526775934
1546,-0.306324172236198
872,-0.306324172236198
3601,-0.2371026526775934
1121,-0.306324172236198
1630,-0.306324172236198
3097,-0.2371026526775934
187,-0.306324172236198
825,-0.306324172236198
1365,-0.306324172236198
3155,-0.2371026526775934
3116,-0.2371026526775934
786,5.718549303160633
1492,-0.306324172236198
1241,2.7061125654622176
2107,-0.2371026526775934
101,-0.306324172236198
3836,-0.2371026526775934
1532,-0.306324172236198
250,-0.306324172236198
1611,-0.306324172236198
3017,-0.2371026526775934
3632,-0.2371026526775934
3295,-0.2371026526775934
3134,3.9929765313757546
1541,-0.306324172236198
3914,-0.2371026526775934
2642,-0.2371026526775934
2103,-0.2371026526775934
2008,-0.306324172236198
1238,-0.306324172236198
1816,2.7061125654622176
3546,-0.2371026526775934
1899,-0.306324172236198
198,-0.306324172236198
753,-0.306324172236198
1499,-0.306324172236198
4011,-0.2371026526775934
1010,-0.306324172236198
3499,-0.2371026526775934
2055,-0.2371026526775934
3766,-0.2371026526775934
3124,-0.2371026526775934
1860,-0.306324172236198
2822,3.9929765313757546
538,-0.306324172236198
3581,-0.2371026526775934
954,-0.306324172236198
2455,3.9929765313757546
839,-0.306324172236198
944,-0.306324172236198
3194,3.9929765313757546
590,-0.306324172236198
1699,-0.306324172236198
32,2.7061125654622176
3329,-0.2371026526775934
114,-0.306324172236198
3662,-0.2371026526775934
3414,-0.2371026526775934
1631,-0.306324172236198
3327,-0.2371026526775934
848,-0.306324172236198
1157,-0.306324172236198
517,-0.306324172236198
3330,-0.2371026526775934
1900,-0.306324172236198
2057,-0.2371026526775934
410,-0.306324172236198
3442,-0.2371026526775934
1638,-0.306324172236198
1113,-0.306324172236198
1565,-0.306324172236198
2720,-0.2371026526775934
338,-0.306324172236198
2213,-0.2371026526775934
555,-0.306324172236198
2258,-0.2371026526775934
3425,-0.2371026526775934
177,-0.306324172236198
3360,-0.2371026526775934
2623,-0.2371026526775934
3689,-0.2371026526775934
3791,-0.2371026526775934
2819,3.9929765313757546
1957,-0.306324172236198
3206,3.9929765313757546
3080,-0.2371026526775934
1984,2.7061125654622176
3924,-0.2371026526775934
576,-0.306324172236198
3608,-0.2371026526775934
956,-0.306324172236198
3855,-0.2371026526775934
3781,-0.2371026526775934
1514,2.7061125654622176
3037,-0.2371026526775934
3202,-0.2371026526775934
3998,-0.2371026526775934
664,5.718549303160633
1274,-0.306324172236198
3500,-0.2371026526775934
3101,-0.2371026526775934
2912,-0.2371026526775934
3769,-0.2371026526775934
2105,-0.2371026526775934
1057,-0.306324172236198
1109,-0.306324172236198
3863,-0.2371026526775934
3856,-0.2371026526775934
2933,-0.2371026526775934
3717,-0.2371026526775934
1783,-0.306324172236198
1211,-0.306324172236198
1442,-0.306324172236198
146,2.7061125654622176
983,2.7061125654622176
202,-0.306324172236198
3031,-0.2371026526775934
149,-0.306324172236198
1248,-0.306324172236198
2198,-0.2371026526775934
2626,-0.2371026526775934
2712,-0.2371026526775934
3917,-0.2371026526775934
302,-0.306324172236198
3741,-0.2371026526775934
1463,-0.306324172236198
3866,-0.2371026526775934
2422,-0.2371026526775934
1006,-0.306324172236198
3452,3.9929765313757546
593,-0.306324172236198
1896,-0.306324172236198
1974,-0.306324172236198
3522,-0.2371026526775934
2267,-0.2371026526775934
1309,-0.306324172236198
905,-0.306324172236198
3447,-0.2371026526775934
675,-0.306324172236198
902,-0.306324172236198
1866,-0.306324172236198
9,-0.306324172236198
1385,2.7061125654622176
1416,-0.306324172236198
317,-0.306324172236198
2897,-0.2371026526775934
3464,-0.2371026526775934
2362,-0.2371026526775934
2998,-0.2371026526775934
3586,-0.2371026526775934
2535,3.9929765313757546
66,-0.306324172236198
2830,-0.2371026526775934
148,-0.306324172236198
1301,2.7061125654622176
1313,-0.306324172236198
1087,-0.306324172236198
3084,-0.2371026526775934
3672,-0.2371026526775934
294,-0.306324172236198
1025,-0.306324172236198
3191,-0.2371026526775934
3558,-0.2371026526775934
3895,-0.2371026526775934
3967,-0.2371026526775934
2023,-0.2371026526775934
1792,-0.306324172236198
994,-0.306324172236198
2838,-0.2371026526775934
2840,-0.2371026526775934
2357,-0.2371026526775934
3203,-0.2371026526775934
1249,-0.306324172236198
3477,-0.2371026526775934
2380,-0.2371026526775934
2716,-0.2371026526775934
1361,-0.306324172236198
3819,-0.2371026526775934
1833,-0.306324172236198
669,-0.306324172236198
2486,-0.2371026526775934
3232,-0.2371026526775934
818,-0.306324172236198
2150,3.9929765313757546
1099,-0.306324172236198
2528,-0.2371026526775934
2316,-0.2371026526775934
1674,-0.306324172236198
263,-0.306324172236198
1335,2.7061125654622176
3424,-0.2371026526775934
901,2.7061125654622176
3104,-0.2371026526775934
3505,-0.2371026526775934
2962,-0.2371026526775934
1503,-0.306324172236198
917,-0.306324172236198
3699,-0.2371026526775934
2810,-0.2371026526775934
1063,-0.306324172236198
225,-0.306324172236198
3322,8.223055715429103
2778,-0.2371026526775934
2728,-0.2371026526775934
2832,-0.2371026526775934
1162,-0.306324172236198
3749,-0.2371026526775934
1014,-0.306324172236198
750,-0.306324172236198
3901,-0.2371026526775934
1996,-0.306324172236198
265,-0.306324172236198
2434,-0.2371026526775934
502,-0.306324172236198
2759,-0.2371026526775934
2049,-0.2371026526775934
991,5.718549303160633
2104,-0.2371026526775934
1384,-0.306324172236198
111,-0.306324172236198
3064,3.9929765313757546
3728,-0.2371026526775934
1245,-0.306324172236198
2428,-0.2371026526775934
3942,-0.2371026526775934
1875,-0.306324172236198
1196,-0.306324172236198
3239,-0.2371026526775934
2219,-0.2371026526775934
640,-0.306324172236198
1489,-0.306324172236198
2112,-0.2371026526775934
3840,-0.2371026526775934
3921,3.9929765313757546
360,-0.306324172236198
2153,-0.2371026526775934
2622,-0.2371026526775934
1244,-0.306324172236198
1001,-0.306324172236198
2474,-0.2371026526775934
1822,-0.306324172236198
2568,-0.2371026526775934
615,-0.306324172236198
2542,-0.2371026526775934
623,-0.306324172236198
900,-0.306324172236198
3270,-0.2371026526775934
1765,-0.306324172236198
3245,-0.2371026526775934
2515,-0.2371026526775934
3514,-0.2371026526775934
3467,-0.2371026526775934
3810,-0.2371026526775934
3260,-0.2371026526775934
141,-0.306324172236198
2891,-0.2371026526775934
1845,-0.306324172236198
2724,-0.2371026526775934
936,-0.306324172236198
3480,-0.2371026526775934
188,-0.306324172236198
3413,-0.2371026526775934
1284,-0.306324172236198
899,5.718549303160633
1145,5.718549303160633
3135,3.9929765313757546
3184,-0.2371026526775934
583,-0.306324172236198
3894,-0.2371026526775934
3561,-0.2371026526775934
1619,-0.306324172236198
3227,-0.2371026526775934
2014,-0.306324172236198
3181,-0.2371026526775934
791,-0.306324172236198
3705,-0.2371026526775934
1215,-0.306324172236198
2591,-0.2371026526775934
2264,-0.2371026526775934
1452,-0.306324172236198
3853,-0.2371026526775934
964,-0.306324172236198
459,-0.306324172236198
3208,-0.2371026526775934
3616,-0.2371026526775934
3893,-0.2371026526775934
788,-0.306324172236198
2366,-0.2371026526775934
1856,-0.306324172236198
3904,-0.2371026526775934
471,-0.306324172236198
2993,3.9929765313757546
1317,-0.306324172236198
3238,-0.2371026526775934
434,-0.306324172236198
1936,-0.306324172236198
1030,-0.306324172236198
647,-0.306324172236198
1641,-0.306324172236198
1519,-0.306324172236198
2966,-0.2371026526775934
827,-0.306324172236198
56,2.7061125654622176
3395,-0.2371026526775934
2006,-0.306324172236198
1835,-0.306324172236198
963,-0.306324172236198
3721,-0.2371026526775934
661,-0.306324172236198
76,-0.306324172236198
2015,-0.306324172236198
3679,-0.2371026526775934
1545,2.7061125654622176
2327,-0.2371026526775934
2682,-0.2371026526775934
2941,-0.2371026526775934
2565,3.9929765313757546
3130,-0.2371026526775934
4018,-0.2371026526775934
2579,-0.2371026526775934
2033,-0.2371026526775934
943,2.7061125654622176
3583,-0.2371026526775934
398,-0.306324172236198
3806,-0.2371026526775934
1037,-0.306324172236198
3753,-0.2371026526775934
2887,-0.2371026526775934
436,-0.306324172236198
3868,-0.2371026526775934
542,2.7061125654622176
758,-0.306324172236198
3823,-0.2371026526775934
2054,-0.2371026526775934
1106,-0.306324172236198
3715,-0.2371026526775934
2685,-0.2371026526775934
1496,-0.306324172236198
2665,-0.2371026526775934
341,-0.306324172236198
476,-0.306324172236198
262,-0.306324172236198
1480,-0.306324172236198
3732,-0.2371026526775934
2747,-0.2371026526775934
1898,-0.306324172236198
348,-0.306324172236198
2013,-0.306324172236198
1604,2.7061125654622176
2509,-0.2371026526775934
2702,-0.2371026526775934
1058,-0.306324172236198
3786,-0.2371026526775934
3548,-0.2371026526775934
2158,-0.2371026526775934
1844,-0.306324172236198
55,2.7061125654622176
3821,-0.2371026526775934
2559,-0.2371026526775934
3171,-0.2371026526775934
1626,-0.306324172236198
680,-0.306324172236198
1497,-0.306324172236198
2532,-0.2371026526775934
1183,-0.306324172236198
1120,-0.306324172236198
1334,5.718549303160633
3703,-0.2371026526775934
326,-0.306324172236198
3061,-0.2371026526775934
1761,-0.306324172236198
2365,-0.2371026526775934
1540,-0.306324172236198
2154,-0.2371026526775934
1795,-0.306324172236198
3336,-0.2371026526775934
596,-0.306324172236198
339,-0.306324172236198
2493,-0.2371026526775934
3930,3.9929765313757546
3284,-0.2371026526775934
688,-0.306324172236198
1522,-0.306324172236198
2296,-0.2371026526775934
3617,-0.2371026526775934
1730,-0.306324172236198
2980,-0.2371026526775934
482,-0.306324172236198
2905,-0.2371026526775934
4014,-0.2371026526775934
3127,-0.2371026526775934
83,-0.306324172236198
958,-0.306324172236198
2360,-0.2371026526775934
2287,-0.2371026526775934
1721,2.7061125654622176
2170,-0.2371026526775934
1229,-0.306324172236198
1391,-0.306324172236198
581,-0.306324172236198
3392,-0.2371026526775934
804,-0.306324172236198
1213,-0.306324172236198
2095,-0.2371026526775934
2952,-0.2371026526775934
332,-0.306324172236198
531,-0.306324172236198
3323,3.9929765313757546
94,-0.306324172236198
2574,-0.2371026526775934
3790,-0.2371026526775934
528,-0.306324172236198
311,-0.306324172236198
1406,-0.306324172236198
820,-0.306324172236198
3016,-0.2371026526775934
1524,-0.306324172236198
1069,-0.306324172236198
2790,-0.2371026526775934
3405,-0.2371026526775934
3820,-0.2371026526775934
2907,-0.2371026526775934
1358,2.7061125654622176
2081,-0.2371026526775934
464,-0.306324172236198
1841,-0.306324172236198
1138,2.7061125654622176
3767,-0.2371026526775934
3691,-0.2371026526775934
716,-0.306324172236198
235,-0.306324172236198
998,-0.306324172236198
2671,-0.2371026526775934
2189,-0.2371026526775934
4009,-0.2371026526775934
3879,-0.2371026526775934
2731,-0.2371026526775934
2581,-0.2371026526775934
1236,2.7061125654622176
604,-0.306324172236198
1991,-0.306324172236198
3071,-0.2371026526775934
3875,-0.2371026526775934
989,-0.306324172236198
3911,-0.2371026526775934
3459,-0.2371026526775934
2787,-0.2371026526775934
1733,-0.306324172236198
2191,-0.2371026526775934
257,-0.306324172236198
2950,-0.2371026526775934
539,-0.306324172236198
1675,-0.306324172236198
2333,-0.2371026526775934
2388,3.9929765313757546
1253,-0.306324172236198
3858,-0.2371026526775934
1352,-0.306324172236198
1902,-0.306324172236198
469,-0.306324172236198
252,-0.306324172236198
714,-0.306324172236198
2166,-0.2371026526775934
3633,-0.2371026526775934
2638,-0.2371026526775934
2064,-0.2371026526775934
50,-0.306324172236198
2354,-0.2371026526775934
3686,-0.2371026526775934
3261,-0.2371026526775934
1035,-0.306324172236198
1713,-0.306324172236198
496,-0.306324172236198
1017,-0.306324172236198
3804,-0.2371026526775934
1479,-0.306324172236198
3493,-0.2371026526775934
2523,-0.2371026526775934
2548,-0.2371026526775934
2600,-0.2371026526775934
2497,-0.2371026526775934
662,-0.306324172236198
1520,-0.306324172236198
1552,-0.306324172236198
72,-0.306324172236198
2233,-0.2371026526775934
2834,-0.2371026526775934
3981,-0.2371026526775934
2418,-0.2371026526775934
997,-0.306324172236198
1664,-0.306324172236198
2978,-0.2371026526775934
3757,-0.2371026526775934
918,-0.306324172236198
2602,-0.2371026526775934
3888,-0.2371026526775934
730,-0.306324172236198
1349,-0.306324172236198
3004,-0.2371026526775934
990,-0.306324172236198
3584,3.9929765313757546
2246,-0.2371026526775934
1829,-0.306324172236198
766,-0.306324172236198
3871,-0.2371026526775934
2065,-0.2371026526775934
935,-0.306324172236198
1080,-0.306324172236198
4016,-0.2371026526775934
3811,-0.2371026526775934
3677,-0.2371026526775934
2715,-0.2371026526775934
3006,-0.2371026526775934
2009,-0.306324172236198
2684,-0.2371026526775934
1672,-0.306324172236198
1102,-0.306324172236198
1225,-0.306324172236198
3457,-0.2371026526775934
1372,-0.306324172236198
3652,-0.2371026526775934
2085,-0.2371026526775934
142,-0.306324172236198
2855,-0.2371026526775934
1251,-0.306324172236198
1862,-0.306324172236198
846,-0.306324172236198
3274,-0.2371026526775934
1337,-0.306324172236198
1327,-0.306324172236198
2464,-0.2371026526775934
1892,-0.306324172236198
3009,-0.2371026526775934
2100,-0.2371026526775934
3937,-0.2371026526775934
3913,-0.2371026526775934
4017,-0.2371026526775934
1685,-0.306324172236198
3599,-0.2371026526775934
1750,-0.306324172236198
346,-0.306324172236198
3852,-0.2371026526775934
3361,-0.2371026526775934
1558,2.7061125654622176
3472,-0.2371026526775934
1060,-0.306324172236198
1293,-0.306324172236198
3600,-0.2371026526775934
2396,-0.2371026526775934
2273,-0.2371026526775934
1703,-0.306324172236198
2075,3.9929765313757546
2561,-0.2371026526775934
2713,-0.2371026526775934
2940,-0.2371026526775934
685,-0.306324172236198
2780,-0.2371026526775934
2639,-0.2371026526775934
3479,-0.2371026526775934
566,-0.306324172236198
3057,3.9929765313757546
2788,-0.2371026526775934
1976,-0.306324172236198
2874,-0.2371026526775934
3827,-0.2371026526775934
2594,-0.2371026526775934
3509,-0.2371026526775934
3344,-0.2371026526775934
3710,-0.2371026526775934
1708,-0.306324172236198
3056,-0.2371026526775934
939,-0.306324172236198
608,-0.306324172236198
2225,-0.2371026526775934
3121,-0.2371026526775934
3928,-0.2371026526775934
1782,-0.306324172236198
1510,-0.306324172236198
60,-0.306324172236198
2401,-0.2371026526775934
1346,-0.306324172236198
2410,-0.2371026526775934
1819,-0.306324172236198
2110,-0.2371026526775934
511,-0.306324172236198
3678,-0.2371026526775934
3015,-0.2371026526775934
3709,-0.2371026526775934
2725,-0.2371026526775934
2082,-0.2371026526775934
3196,-0.2371026526775934
2118,-0.2371026526775934
2262,-0.2371026526775934
869,-0.306324172236198
239,-0.306324172236198
652,-0.306324172236198
2628,-0.2371026526775934
739,-0.306324172236198
451,-0.306324172236198
783,-0.306324172236198
135,-0.306324172236198
3044,-0.2371026526775934
3899,-0.2371026526775934
1431,-0.306324172236198
1797,-0.306324172236198
734,-0.306324172236198
3008,-0.2371026526775934
1425,-0.306324172236198
1810,-0.306324172236198
2975,-0.2371026526775934
530,-0.306324172236198
2323,-0.2371026526775934
3657,3.9929765313757546
224,-0.306324172236198
430,-0.306324172236198
2804,-0.2371026526775934
3396,-0.2371026526775934
421,2.7061125654622176
377,-0.306324172236198
2792,-0.2371026526775934
1022,-0.306324172236198
618,-0.306324172236198
385,-0.306324172236198
1374,-0.306324172236198
152,-0.306324172236198
2066,-0.2371026526775934
1430,-0.306324172236198
2567,-0.2371026526775934
3141,-0.2371026526775934
923,-0.306324172236198
2681,-0.2371026526775934
2291,-0.2371026526775934
518,-0.306324172236198
2604,-0.2371026526775934
2489,-0.2371026526775934
3419,3.9929765313757546
941,-0.306324172236198
256,-0.306324172236198
2317,-0.2371026526775934
2785,-0.2371026526775934
1988,-0.306324172236198
1178,-0.306324172236198
3013,3.9929765313757546
1982,-0.306324172236198
2426,-0.2371026526775934
701,-0.306324172236198
1859,-0.306324172236198
2235,-0.2371026526775934
3874,-0.2371026526775934
852,-0.306324172236198
3356,-0.2371026526775934
2334,3.9929765313757546
3002,-0.2371026526775934
1200,-0.306324172236198
2129,-0.2371026526775934
3524,-0.2371026526775934
2867,-0.2371026526775934
1817,-0.306324172236198
3225,-0.2371026526775934
1160,-0.306324172236198
2151,-0.2371026526775934
399,-0.306324172236198
3900,-0.2371026526775934
585,-0.306324172236198
1418,-0.306324172236198
569,-0.306324172236198
22,-0.306324172236198
2646,-0.2371026526775934
1694,-0.306324172236198
683,5.718549303160633
2664,-0.2371026526775934
3406,-0.2371026526775934
138,-0.306324172236198
980,-0.306324172236198
319,-0.306324172236198
3358,-0.2371026526775934
1103,-0.306324172236198
205,-0.306324172236198
3285,3.9929765313757546
358,-0.306324172236198
1437,-0.306324172236198
96,-0.306324172236198
1221,-0.306324172236198
2083,-0.2371026526775934
3114,-0.2371026526775934
710,-0.306324172236198
129,-0.306324172236198
1549,-0.306324172236198
2167,-0.2371026526775934
1509,-0.306324172236198
3153,3.9929765313757546
1381,-0.306324172236198
2243,-0.2371026526775934
1828,-0.306324172236198
394,-0.306324172236198
3738,-0.2371026526775934
2977,-0.2371026526775934
2575,-0.2371026526775934
2274,-0.2371026526775934
3910,-0.2371026526775934
1342,-0.306324172236198
113,-0.306324172236198
17,2.7061125654622176
3729,-0.2371026526775934
2851,-0.2371026526775934
2249,-0.2371026526775934
1341,-0.306324172236198
992,-0.306324172236198
2612,-0.2371026526775934
1554,-0.306324172236198
3939,-0.2371026526775934
2848,3.9929765313757546
1494,-0.306324172236198
737,-0.306324172236198
3437,-0.2371026526775934
3839,-0.2371026526775934
2152,-0.2371026526775934
2056,-0.2371026526775934
372,-0.306324172236198
1172,-0.306324172236198
2,-0.306324172236198
2017,-0.2371026526775934
3986,-0.2371026526775934
2968,-0.2371026526775934
154,-0.306324172236198
3370,-0.2371026526775934
443,-0.306324172236198
1935,-0.306324172236198
2709,-0.2371026526775934
3962,-0.2371026526775934
3085,-0.2371026526775934
2411,-0.2371026526775934
415,-0.306324172236198
1823,-0.306324172236198
2315,-0.2371026526775934
1444,-0.306324172236198
1394,-0.306324172236198
3834,-0.2371026526775934
1946,-0.306324172236198
2556,-0.2371026526775934
1575,-0.306324172236198
2662,-0.2371026526775934
2917,3.9929765313757546
3794,-0.2371026526775934
1276,-0.306324172236198
387,-0.306324172236198
1608,-0.306324172236198
2629,-0.2371026526775934
3574,-0.2371026526775934
2099,-0.2371026526775934
2624,-0.2371026526775934
972,-0.306324172236198
2994,-0.2371026526775934
222,-0.306324172236198
3308,-0.2371026526775934
3478,-0.2371026526775934
2062,-0.2371026526775934
3412,-0.2371026526775934
3969,-0.2371026526775934
1435,-0.306324172236198
2271,3.9929765313757546
2696,-0.2371026526775934
3943,-0.2371026526775934
3832,-0.2371026526775934
3385,-0.2371026526775934
3401,-0.2371026526775934
694,-0.306324172236198
1557,2.7061125654622176
2659,-0.2371026526775934
3816,-0.2371026526775934
3864,-0.2371026526775934
1149,-0.306324172236198
3610,-0.2371026526775934
3830,-0.2371026526775934
3189,-0.2371026526775934
1467,-0.306324172236198
1855,2.7061125654622176
3340,-0.2371026526775934
670,2.7061125654622176
656,-0.306324172236198
2698,-0.2371026526775934
2171,-0.2371026526775934
3404,-0.2371026526775934
2090,-0.2371026526775934
1594,-0.306324172236198
3099,-0.2371026526775934
1395,-0.306324172236198
425,2.7061125654622176
3520,-0.2371026526775934
889,-0.306324172236198
2450,-0.2371026526775934
2203,-0.2371026526775934
204,-0.306324172236198
1831,-0.306324172236198
2123,-0.2371026526775934
2651,-0.2371026526775934
3,-0.306324172236198
2048,-0.2371026526775934
3054,3.9929765313757546
1814,-0.306324172236198
158,-0.306324172236198
2114,-0.2371026526775934
1019,-0.306324172236198
1698,-0.306324172236198
1578,-0.306324172236198
1439,-0.306324172236198
3003,-0.2371026526775934
1218,-0.306324172236198
133,-0.306324172236198
2277,-0.2371026526775934
3882,-0.2371026526775934
2890,-0.2371026526775934
2854,-0.2371026526775934
3971,3.9929765313757546
2306,-0.2371026526775934
1375,2.7061125654622176
2786,-0.2371026526775934
1801,-0.306324172236198
504,-0.306324172236198
775,-0.306324172236198
3129,-0.2371026526775934
1623,-0.306324172236198
3906,-0.2371026526775934
3993,-0.2371026526775934
3112,-0.2371026526775934
3301,-0.2371026526775934
3538,-0.2371026526775934
3175,-0.2371026526775934
797,-0.306324172236198
3000,-0.2371026526775934
1655,-0.306324172236198
107,2.7061125654622176
1757,-0.306324172236198
2992,3.9929765313757546
1460,-0.306324172236198
45,-0.306324172236198
3515,-0.2371026526775934
2214,-0.2371026526775934
3745,-0.2371026526775934
325,-0.306324172236198
571,-0.306324172236198
2895,-0.2371026526775934
1032,-0.306324172236198
2861,-0.2371026526775934
3602,-0.2371026526775934
3953,-0.2371026526775934
1818,-0.306324172236198
1100,-0.306324172236198
156,-0.306324172236198
2569,-0.2371026526775934
3095,-0.2371026526775934
1300,-0.306324172236198
3249,-0.2371026526775934
1970,-0.306324172236198
3511,-0.2371026526775934
1955,-0.306324172236198
1830,-0.306324172236198
719,-0.306324172236198
44,-0.306324172236198
866,-0.306324172236198
1555,-0.306324172236198
2499,-0.2371026526775934
2175,-0.2371026526775934
2238,-0.2371026526775934
1471,-0.306324172236198
1094,-0.306324172236198
1114,-0.306324172236198
35,-0.306324172236198
195,-0.306324172236198
2341,-0.2371026526775934
2073,-0.2371026526775934
3151,-0.2371026526775934
1943,-0.306324172236198
2299,-0.2371026526775934
942,-0.306324172236198
2761,-0.2371026526775934
2199,-0.2371026526775934
1581,-0.306324172236198
1326,-0.306324172236198
3545,-0.2371026526775934
2843,-0.2371026526775934
3851,-0.2371026526775934
3449,-0.2371026526775934
1531,-0.306324172236198
3362,-0.2371026526775934
1126,-0.306324172236198
354,-0.306324172236198
3747,-0.2371026526775934
2963,-0.2371026526775934
638,2.7061125654622176
3287,-0.2371026526775934
752,-0.306324172236198
2653,-0.2371026526775934
299,-0.306324172236198
2335,-0.2371026526775934
2584,-0.2371026526775934
1179,-0.306324172236198
1376,-0.306324172236198
3848,3.9929765313757546
2750,-0.2371026526775934
728,-0.306324172236198
777,-0.306324172236198
3106,-0.2371026526775934
3552,-0.2371026526775934
959,-0.306324172236198
1219,-0.306324172236198
940,-0.306324172236198
3297,-0.2371026526775934
3207,-0.2371026526775934
3593,-0.2371026526775934
2441,-0.2371026526775934
490,-0.306324172236198
58,-0.306324172236198
243,-0.306324172236198
91,-0.306324172236198
2490,-0.2371026526775934
3315,-0.2371026526775934
575,-0.306324172236198
3903,-0.2371026526775934
3043,-0.2371026526775934
2228,-0.2371026526775934
407,-0.306324172236198
2826,-0.2371026526775934
3965,-0.2371026526775934
3345,-0.2371026526775934
962,-0.306324172236198
2794,-0.2371026526775934
2644,-0.2371026526775934
487,-0.306324172236198
1291,2.7061125654622176
2537,-0.2371026526775934
2816,-0.2371026526775934
2321,-0.2371026526775934
3489,-0.2371026526775934
1388,-0.306324172236198
3465,-0.2371026526775934
1271,-0.306324172236198
2436,-0.2371026526775934
2678,-0.2371026526775934
3269,-0.2371026526775934
2045,-0.2371026526775934
2421,-0.2371026526775934
1973,-0.306324172236198
2687,-0.2371026526775934
3641,3.9929765313757546
2930,-0.2371026526775934
34,-0.306324172236198
2707,-0.2371026526775934
1203,-0.306324172236198
2739,-0.2371026526775934
1874,-0.306324172236198
1115,-0.306324172236198
2582,3.9929765313757546
3690,-0.2371026526775934
1916,-0.306324172236198
2237,-0.2371026526775934
3033,-0.2371026526775934
485,-0.306324172236198
3656,-0.2371026526775934
3862,-0.2371026526775934
136,-0.306324172236198
82,-0.306324172236198
887,-0.306324172236198
3799,-0.2371026526775934
919,-0.306324172236198
2989,3.9929765313757546
2947,-0.2371026526775934
2501,-0.2371026526775934
3402,-0.2371026526775934
445,-0.306324172236198
206,-0.306324172236198
1977,-0.306324172236198
297,-0.306324172236198
3877,-0.2371026526775934
3427,-0.2371026526775934
1258,-0.306324172236198
1971,-0.306324172236198
2991,-0.2371026526775934
65,2.7061125654622176
3788,-0.2371026526775934
1096,-0.306324172236198
3325,-0.2371026526775934
1484,-0.306324172236198
808,-0.306324172236198
1266,-0.306324172236198
3762,-0.2371026526775934
1521,-0.306324172236198
3533,-0.2371026526775934
165,-0.306324172236198
2839,-0.2371026526775934
3221,-0.2371026526775934
3372,-0.2371026526775934
695,-0.306324172236198
1050,-0.306324172236198
1457,-0.306324172236198
3192,-0.2371026526775934
1088,-0.306324172236198
1609,2.7061125654622176
2949,-0.2371026526775934
1433,2.7061125654622176
2044,-0.2371026526775934
74,-0.306324172236198
420,-0.306324172236198
3326,-0.2371026526775934
2406,-0.2371026526775934
391,2.7061125654622176
2701,3.9929765313757546
2586,-0.2371026526775934
2373,-0.2371026526775934
2440,-0.2371026526775934
2619,-0.2371026526775934
3076,-0.2371026526775934
976,-0.306324172236198
1738,-0.306324172236198
3734,-0.2371026526775934
1399,-0.306324172236198
89,-0.306324172236198
3266,-0.2371026526775934
3933,-0.2371026526775934
2068,-0.2371026526775934
2958,-0.2371026526775934
4003,-0.2371026526775934
1021,2.7061125654622176
1989,-0.306324172236198
2970,-0.2371026526775934
1551,-0.306324172236198
2035,-0.2371026526775934
1170,-0.306324172236198
2613,-0.2371026526775934
2109,-0.2371026526775934
2566,-0.2371026526775934
1722,-0.306324172236198
110,-0.306324172236198
1671,-0.306324172236198
3760,-0.2371026526775934
760,2.7061125654622176
2121,-0.2371026526775934
955,-0.306324172236198
1616,-0.306324172236198
2183,-0.2371026526775934
1864,-0.306324172236198
807,2.7061125654622176
412,-0.306324172236198
2060,-0.2371026526775934
2302,-0.2371026526775934
3279,-0.2371026526775934
3846,-0.2371026526775934
1023,-0.306324172236198
1197,-0.306324172236198
3026,-0.2371026526775934
1247,-0.306324172236198
3010,-0.2371026526775934
241,-0.306324172236198
1223,-0.306324172236198
1517,-0.306324172236198
1603,-0.306324172236198
2893,8.223055715429103
3353,-0.2371026526775934
1405,-0.306324172236198
1302,-0.306324172236198
2168,-0.2371026526775934
799,-0.306324172236198
2589,-0.2371026526775934
2124,-0.2371026526775934
1967,-0.306324172236198
84,-0.306324172236198
2721,-0.2371026526775934
2513,-0.2371026526775934
251,-0.306324172236198
1787,2.7061125654622176
1660,-0.306324172236198
3987,-0.2371026526775934
1363,-0.306324172236198
2289,-0.2371026526775934
2630,-0.2371026526775934
864,-0.306324172236198
970,-0.306324172236198
2058,-0.2371026526775934
259,-0.306324172236198
803,-0.306324172236198
123,-0.306324172236198
3078,-0.2371026526775934
3434,-0.2371026526775934
3814,-0.2371026526775934
771,-0.306324172236198
1678,-0.306324172236198
1893,-0.306324172236198
1742,-0.306324172236198
1386,-0.306324172236198
1673,-0.306324172236198
2192,-0.2371026526775934
3909,-0.2371026526775934
1928,-0.306324172236198
1392,-0.306324172236198
601,-0.306324172236198
2669,-0.2371026526775934
3759,-0.2371026526775934
3079,-0.2371026526775934
414,-0.306324172236198
3498,3.9929765313757546
2088,-0.2371026526775934
3230,-0.2371026526775934
3397,-0.2371026526775934
1922,-0.306324172236198
1827,-0.306324172236198
2244,-0.2371026526775934
1254,-0.306324172236198
1725,-0.306324172236198
3688,-0.2371026526775934
3639,-0.2371026526775934
717,-0.306324172236198
1409,-0.306324172236198
2680,-0.2371026526775934
1311,-0.306324172236198
2749,-0.2371026526775934
174,-0.306324172236198
1242,-0.306324172236198
1169,-0.306324172236198
3824,-0.2371026526775934
1932,-0.306324172236198
1534,-0.306324172236198
1483,2.7061125654622176
2251,-0.2371026526775934
3867,-0.2371026526775934
2311,-0.2371026526775934
3066,-0.2371026526775934
280,2.7061125654622176
369,-0.306324172236198
264,-0.306324172236198
2300,-0.2371026526775934
2286,-0.2371026526775934
3590,-0.2371026526775934
3354,3.9929765313757546
491,-0.306324172236198
515,-0.306324172236198
2557,-0.2371026526775934
1637,-0.306324172236198
1135,-0.306324172236198
1615,-0.306324172236198
1137,-0.306324172236198
2076,-0.2371026526775934
2583,3.9929765313757546
857,-0.306324172236198
2784,-0.2371026526775934
2563,-0.2371026526775934
938,-0.306324172236198
3062,-0.2371026526775934
3212,-0.2371026526775934
164,-0.306324172236198
2375,-0.2371026526775934
2740,-0.2371026526775934
1345,-0.306324172236198
1647,2.7061125654622176
1053,-0.306324172236198
275,2.7061125654622176
2773,-0.2371026526775934
3876,-0.2371026526775934
4020,-0.2371026526775934
1956,2.7061125654622176
525,-0.306324172236198
2020,-0.2371026526775934
2180,-0.2371026526775934
2872,-0.2371026526775934
1226,-0.306324172236198
1139,-0.306324172236198
2597,-0.2371026526775934
859,-0.306324172236198
1008,-0.306324172236198
2900,-0.2371026526775934
720,-0.306324172236198
2817,-0.2371026526775934
116,-0.306324172236198
2609,-0.2371026526775934
584,-0.306324172236198
3537,3.9929765313757546
1881,-0.306324172236198
1843,-0.306324172236198
3223,-0.2371026526775934
1146,-0.306324172236198
1755,-0.306324172236198
2394,-0.2371026526775934
3598,-0.2371026526775934
1566,-0.306324172236198
1234,-0.306324172236198
3333,-0.2371026526775934
1838,2.7061125654622176
1134,-0.306324172236198
287,-0.306324172236198
2525,-0.2371026526775934
3048,-0.2371026526775934
2080,-0.2371026526775934
1857,-0.306324172236198
2331,-0.2371026526775934
105,-0.306324172236198
840,-0.306324172236198
3276,-0.2371026526775934
873,-0.306324172236198
2195,-0.2371026526775934
1775,-0.306324172236198
2779,-0.2371026526775934
3812,-0.2371026526775934
431,-0.306324172236198
2657,-0.2371026526775934
2212,-0.2371026526775934
920,-0.306324172236198
2945,-0.2371026526775934
1177,-0.306324172236198
2332,-0.2371026526775934
1018,-0.306324172236198
805,-0.306324172236198
1805,-0.306324172236198
3765,-0.2371026526775934
3989,-0.2371026526775934
2814,-0.2371026526775934
751,-0.306324172236198
1597,-0.306324172236198
792,-0.306324172236198
309,-0.306324172236198
1182,-0.306324172236198
3342,-0.2371026526775934
2314,-0.2371026526775934
598,-0.306324172236198
1563,-0.306324172236198
401,2.7061125654622176
86,-0.306324172236198
3167,-0.2371026526775934
1233,-0.306324172236198
1504,-0.306324172236198
2776,-0.2371026526775934
2371,-0.2371026526775934
3093,-0.2371026526775934
1429,-0.306324172236198
849,-0.306324172236198
3764,-0.2371026526775934
893,-0.306324172236198
3529,-0.2371026526775934
2783,-0.2371026526775934
98,-0.306324172236198
2487,-0.2371026526775934
2379,-0.2371026526775934
1446,-0.306324172236198
3272,-0.2371026526775934
392,-0.306324172236198
3826,-0.2371026526775934
607,-0.306324172236198
3217,-0.2371026526775934
2187,-0.2371026526775934
3307,-0.2371026526775934
1799,-0.306324172236198
3159,-0.2371026526775934
3021,-0.2371026526775934
3242,-0.2371026526775934
4026,-0.2371026526775934
1574,2.7061125654622176
2818,-0.2371026526775934
3815,-0.2371026526775934
3594,-0.2371026526775934
2763,-0.2371026526775934
3708,-0.2371026526775934
3161,-0.2371026526775934
191,-0.306324172236198
3845,-0.2371026526775934
1735,-0.306324172236198
3557,-0.2371026526775934
2400,-0.2371026526775934
3020,-0.2371026526775934
122,-0.306324172236198
363,-0.306324172236198
974,-0.306324172236198
70,-0.306324172236198
853,5.718549303160633
3092,-0.2371026526775934
627,-0.306324172236198
1466,-0.306324172236198
4008,-0.2371026526775934
851,-0.306324172236198
298,-0.306324172236198
3631,-0.2371026526775934
1561,-0.306324172236198
2162,-0.2371026526775934
1312,2.7061125654622176
621,-0.306324172236198
3055,-0.2371026526775934
3309,-0.2371026526775934
215,-0.306324172236198
1999,-0.306324172236198
2618,-0.2371026526775934
3246,-0.2371026526775934
796,-0.306324172236198
4007,-0.2371026526775934
1186,2.7061125654622176
2862,-0.2371026526775934
2922,-0.2371026526775934
2444,-0.2371026526775934
703,-0.306324172236198
3067,-0.2371026526775934
3861,-0.2371026526775934
47,-0.306324172236198
1332,-0.306324172236198
2956,-0.2371026526775934
509,-0.306324172236198
73,-0.306324172236198
781,2.7061125654622176
1331,2.7061125654622176
2108,-0.2371026526775934
1548,-0.306324172236198
1136,2.7061125654622176
486,-0.306324172236198
1639,-0.306324172236198
3418,-0.2371026526775934
185,-0.306324172236198
2061,-0.2371026526775934
300,-0.306324172236198
1622,-0.306324172236198
1618,-0.306324172236198
178,-0.306324172236198
3450,-0.2371026526775934
985,-0.306324172236198
2835,-0.2371026526775934
2876,-0.2371026526775934
2745,-0.2371026526775934
1951,-0.306324172236198
3083,-0.2371026526775934
1945,-0.306324172236198
2530,-0.2371026526775934
1264,-0.306324172236198
329,5.718549303160633
2585,-0.2371026526775934
405,-0.306324172236198
2005,-0.306324172236198
328,-0.306324172236198
3391,-0.2371026526775934
3165,-0.2371026526775934
2741,-0.2371026526775934
1348,-0.306324172236198
2144,-0.2371026526775934
438,-0.306324172236198
1187,-0.306324172236198
2643,-0.2371026526775934
3409,-0.2371026526775934
1077,-0.306324172236198
190,-0.306324172236198
2864,-0.2371026526775934
288,-0.306324172236198
3483,-0.2371026526775934
25,-0.306324172236198
874,-0.306324172236198
3490,-0.2371026526775934
10,-0.306324172236198
1330,2.7061125654622176
3982,-0.2371026526775934
3712,-0.2371026526775934
1436,-0.306324172236198
1310,2.7061125654622176
1371,-0.306324172236198
3508,-0.2371026526775934
1837,-0.306324172236198
1890,-0.306324172236198
3289,-0.2371026526775934
3936,-0.2371026526775934
554,-0.306324172236198
2385,-0.2371026526775934
2093,-0.2371026526775934
2517,-0.2371026526775934
3069,-0.2371026526775934
3264,-0.2371026526775934
3011,-0.2371026526775934
3941,-0.2371026526775934
988,-0.306324172236198
46,-0.306324172236198
1689,-0.306324172236198
946,-0.306324172236198
3694,-0.2371026526775934
1220,-0.306324172236198
549,-0.306324172236198
2309,-0.2371026526775934
1686,-0.306324172236198
1459,-0.306324172236198
1321,-0.306324172236198
1214,5.718549303160633
2326,-0.2371026526775934
3377,3.9929765313757546
52,-0.306324172236198
1701,-0.306324172236198
2414,-0.2371026526775934
2802,-0.2371026526775934
1318,-0.306324172236198
1573,2.7061125654622176
521,-0.306324172236198
2953,-0.2371026526775934
1758,2.7061125654622176
3604,-0.2371026526775934
3654,-0.2371026526775934
2587,-0.2371026526775934
3231,-0.2371026526775934
1764,-0.306324172236198
1252,-0.306324172236198
3115,-0.2371026526775934
3176,-0.2371026526775934
3089,-0.2371026526775934
3580,-0.2371026526775934
1877,-0.306324172236198
3461,-0.2371026526775934
1129,-0.306324172236198
3182,-0.2371026526775934
552,-0.306324172236198
3528,-0.2371026526775934
3542,-0.2371026526775934
3052,-0.2371026526775934
2533,3.9929765313757546
2292,-0.2371026526775934
3100,-0.2371026526775934
2909,-0.2371026526775934
1853,-0.306324172236198
3046,-0.2371026526775934
679,-0.306324172236198
492,-0.306324172236198
1426,5.718549303160633
3792,-0.2371026526775934
1194,-0.306324172236198
3714,-0.2371026526775934
2469,-0.2371026526775934
911,-0.306324172236198
277,-0.306324172236198
3549,-0.2371026526775934
2546,-0.2371026526775934
1679,-0.306324172236198
3808,-0.2371026526775934
2190,-0.2371026526775934
2094,-0.2371026526775934
413,-0.306324172236198
418,-0.306324172236198
541,-0.306324172236198
1410,-0.306324172236198
8,-0.306324172236198
3228,-0.2371026526775934
3303,-0.2371026526775934
1328,-0.306324172236198
2475,-0.2371026526775934
281,-0.306324172236198
1926,-0.306324172236198
480,-0.306324172236198
1848,2.7061125654622176
1617,-0.306324172236198
3292,-0.2371026526775934
1485,-0.306324172236198
306,-0.306324172236198
3200,-0.2371026526775934
2617,-0.2371026526775934
957,-0.306324172236198
3955,-0.2371026526775934
121,-0.306324172236198
3429,-0.2371026526775934
2047,-0.2371026526775934
1314,-0.306324172236198
1920,-0.306324172236198
1933,-0.306324172236198
2146,-0.2371026526775934
2467,-0.2371026526775934
1336,-0.306324172236198
2823,-0.2371026526775934
668,-0.306324172236198
472,-0.306324172236198
2024,-0.2371026526775934
2522,-0.2371026526775934
3555,-0.2371026526775934
3947,-0.2371026526775934
1754,-0.306324172236198
3251,-0.2371026526775934
2179,-0.2371026526775934
2668,-0.2371026526775934
2558,-0.2371026526775934
1901,2.7061125654622176
3348,-0.2371026526775934
3444,-0.2371026526775934
3569,-0.2371026526775934
3111,-0.2371026526775934
1351,-0.306324172236198
3737,-0.2371026526775934
2142,-0.2371026526775934
1235,-0.306324172236198
725,-0.306324172236198
1930,-0.306324172236198
441,-0.306324172236198
1159,-0.306324172236198
296,-0.306324172236198
823,-0.306324172236198
61,-0.306324172236198
1379,2.7061125654622176
2471,-0.2371026526775934
1780,-0.306324172236198
3077,-0.2371026526775934
1903,-0.306324172236198
2880,3.9929765313757546
2229,-0.2371026526775934
1281,-0.306324172236198
3739,-0.2371026526775934
949,-0.306324172236198
1842,-0.306324172236198
75,-0.306324172236198
1771,-0.306324172236198
3961,-0.2371026526775934
293,-0.306324172236198
987,-0.306324172236198
3701,-0.2371026526775934
2393,-0.2371026526775934
3671,-0.2371026526775934
2127,-0.2371026526775934
244,-0.306324172236198
3667,-0.2371026526775934
1093,5.718549303160633
3532,-0.2371026526775934
1283,-0.306324172236198
3383,-0.2371026526775934
2424,-0.2371026526775934
181,-0.306324172236198
1652,-0.306324172236198
1716,-0.306324172236198
1621,2.7061125654622176
2844,-0.2371026526775934
3670,-0.2371026526775934
1322,-0.306324172236198
3346,-0.2371026526775934
63,-0.306324172236198
1502,2.7061125654622176
3497,-0.2371026526775934
2881,-0.2371026526775934
3643,-0.2371026526775934
331,-0.306324172236198
15,-0.306324172236198
764,-0.306324172236198
1772,-0.306324172236198
2042,-0.2371026526775934
973,-0.306324172236198
2723,-0.2371026526775934
1408,-0.306324172236198
3386,-0.2371026526775934
828,-0.306324172236198
2126,-0.2371026526775934
3075,-0.2371026526775934
270,-0.306324172236198
1769,-0.306324172236198
2634,-0.2371026526775934
897,2.7061125654622176
1061,-0.306324172236198
1537,-0.306324172236198
896,-0.306324172236198
3435,-0.2371026526775934
134,-0.306324172236198
3713,-0.2371026526775934
910,-0.306324172236198
968,-0.306324172236198
630,-0.306324172236198
3359,-0.2371026526775934
1407,2.7061125654622176
1493,-0.306324172236198
2767,-0.2371026526775934
1273,-0.306324172236198
1454,-0.306324172236198
2919,-0.2371026526775934
1278,2.7061125654622176
1073,-0.306324172236198
635,-0.306324172236198
1085,-0.306324172236198
2824,-0.2371026526775934
1633,-0.306324172236198
2495,-0.2371026526775934
3258,-0.2371026526775934
802,-0.306324172236198
2942,-0.2371026526775934
3789,-0.2371026526775934
3782,-0.2371026526775934
925,-0.306324172236198
824,-0.306324172236198
1036,-0.306324172236198
3032,-0.2371026526775934
3915,-0.2371026526775934
1074,2.7061125654622176
2399,-0.2371026526775934
2002,-0.306324172236198
3927,-0.2371026526775934
854,2.7061125654622176
2488,-0.2371026526775934
2308,3.9929765313757546
3878,-0.2371026526775934
3872,-0.2371026526775934
2974,-0.2371026526775934
2234,-0.2371026526775934
3793,-0.2371026526775934
3865,-0.2371026526775934
702,2.7061125654622176
645,-0.306324172236198
816,-0.306324172236198
3063,-0.2371026526775934
636,-0.306324172236198
1768,-0.306324172236198
2969,-0.2371026526775934
1419,-0.306324172236198
4022,3.9929765313757546
1807,-0.306324172236198
1470,-0.306324172236198
103,-0.306324172236198
1870,-0.306324172236198
2413,-0.2371026526775934
1377,-0.306324172236198
589,-0.306324172236198
20,-0.306324172236198
2926,-0.2371026526775934
1593,2.7061125654622176
3972,-0.2371026526775934
793,-0.306324172236198
3218,-0.2371026526775934
1397,-0.306324172236198
1222,-0.306324172236198
1289,-0.306324172236198
969,-0.306324172236198
1482,-0.306324172236198
798,-0.306324172236198
228,-0.306324172236198
3935,-0.2371026526775934
3513,-0.2371026526775934
934,-0.306324172236198
2808,-0.2371026526775934
3635,-0.2371026526775934
307,-0.306324172236198
2419,-0.2371026526775934
397,-0.306324172236198
914,-0.306324172236198
1306,-0.306324172236198
3523,-0.2371026526775934
2899,3.9929765313757546
1709,-0.306324172236198
3316,-0.2371026526775934
2120,-0.2371026526775934
3201,-0.2371026526775934
2934,-0.2371026526775934
850,-0.306324172236198
1538,-0.306324172236198
130,-0.306324172236198
3091,-0.2371026526775934
219,-0.306324172236198
460,-0.306324172236198
3485,-0.2371026526775934
3697,-0.2371026526775934
1918,-0.306324172236198
423,-0.306324172236198
292,-0.306324172236198
2358,-0.2371026526775934
2324,-0.2371026526775934
696,-0.306324172236198
1688,-0.306324172236198
1939,2.7061125654622176
2573,-0.2371026526775934
2985,-0.2371026526775934
175,-0.306324172236198
2913,-0.2371026526775934
2347,-0.2371026526775934
4019,-0.2371026526775934
1043,-0.306324172236198
3796,-0.2371026526775934
247,-0.306324172236198
1259,-0.306324172236198
1651,-0.306324172236198
835,-0.306324172236198
1897,-0.306324172236198
1046,-0.306324172236198
2011,-0.306324172236198
967,-0.306324172236198
424,-0.306324172236198
895,-0.306324172236198
2821,-0.2371026526775934
3646,-0.2371026526775934
3040,-0.2371026526775934
2218,-0.2371026526775934
2040,-0.2371026526775934
3220,-0.2371026526775934
979,-0.306324172236198
682,-0.306324172236198
3736,-0.2371026526775934
1882,-0.306324172236198
2231,-0.2371026526775934
867,-0.306324172236198
3426,-0.2371026526775934
1766,-0.306324172236198
3570,-0.2371026526775934
594,2.7061125654622176
2097,-0.2371026526775934
779,2.7061125654622176
3263,-0.2371026526775934
1500,-0.306324172236198
1560,-0.306324172236198
1033,-0.306324172236198
3475,-0.2371026526775934
3243,-0.2371026526775934
2631,-0.2371026526775934
2307,-0.2371026526775934
2452,-0.2371026526775934
42,2.7061125654622176
1205,-0.306324172236198
4024,-0.2371026526775934
3042,3.9929765313757546
993,-0.306324172236198
3215,-0.2371026526775934
2611,-0.2371026526775934
3560,-0.2371026526775934
2948,-0.2371026526775934
2022,-0.2371026526775934
653,-0.306324172236198
3992,-0.2371026526775934
1680,-0.306324172236198
3379,-0.2371026526775934
150,-0.306324172236198
3746,-0.2371026526775934
1676,-0.306324172236198
3918,-0.2371026526775934
2610,-0.2371026526775934
2979,-0.2371026526775934
2268,3.9929765313757546
617,-0.306324172236198
484,-0.306324172236198
2983,-0.2371026526775934
551,-0.306324172236198
2177,-0.2371026526775934
3173,-0.2371026526775934
749,-0.306324172236198
3980,-0.2371026526775934
465,-0.306324172236198
3035,-0.2371026526775934
718,-0.306324172236198
3517,3.9929765313757546
3288,-0.2371026526775934
2494,-0.2371026526775934
1965,-0.306324172236198
97,-0.306324172236198
2578,-0.2371026526775934
3366,-0.2371026526775934
21,-0.306324172236198
1635,-0.306324172236198
577,-0.306324172236198
179,-0.306324172236198
2772,-0.2371026526775934
1702,-0.306324172236198
1239,-0.306324172236198
1800,-0.306324172236198
2545,-0.2371026526775934
1505,-0.306324172236198
789,-0.306324172236198
143,-0.306324172236198
3571,-0.2371026526775934
440,-0.306324172236198
1910,-0.306324172236198
1202,-0.306324172236198
3668,-0.2371026526775934
462,-0.306324172236198
558,-0.306324172236198
533,-0.306324172236198
1963,-0.306324172236198
3985,-0.2371026526775934
2921,-0.2371026526775934
561,2.7061125654622176
367,-0.306324172236198
1468,-0.306324172236198
588,-0.306324172236198
567,-0.306324172236198
286,-0.306324172236198
85,2.7061125654622176
3621,-0.2371026526775934
2815,-0.2371026526775934
975,-0.306324172236198
700,-0.306324172236198
4005,-0.2371026526775934
2330,-0.2371026526775934
3460,-0.2371026526775934
2149,-0.2371026526775934
304,-0.306324172236198
945,2.7061125654622176
643,-0.306324172236198
2216,-0.2371026526775934
906,-0.306324172236198
2635,-0.2371026526775934
2350,-0.2371026526775934
1044,-0.306324172236198
2886,-0.2371026526775934
1297,-0.306324172236198
2825,-0.2371026526775934
711,-0.306324172236198
2250,-0.2371026526775934
3625,-0.2371026526775934
2703,3.9929765313757546
3726,-0.2371026526775934
3948,3.9929765313757546
1527,-0.306324172236198
2755,-0.2371026526775934
282,-0.306324172236198
3286,-0.2371026526775934
2294,-0.2371026526775934
2077,-0.2371026526775934
2722,-0.2371026526775934
2606,-0.2371026526775934
1788,-0.306324172236198
1195,-0.306324172236198
3562,3.9929765313757546
1041,2.7061125654622176
1523,2.7061125654622176
2102,-0.2371026526775934
3469,-0.2371026526775934
2667,-0.2371026526775934
1441,-0.306324172236198
1191,-0.306324172236198
742,-0.306324172236198
3126,-0.2371026526775934
834,-0.306324172236198
960,-0.306324172236198
1474,-0.306324172236198
1065,-0.306324172236198
1743,-0.306324172236198
7,-0.306324172236198
1501,-0.306324172236198
2395,-0.2371026526775934
1009,-0.306324172236198
2906,-0.2371026526775934
274,-0.306324172236198
888,-0.306324172236198
1451,-0.306324172236198
2502,-0.2371026526775934
4001,-0.2371026526775934
3250,-0.2371026526775934
1568,-0.306324172236198
2345,-0.2371026526775934
1789,-0.306324172236198
3149,-0.2371026526775934
2660,-0.2371026526775934
2039,-0.2371026526775934
2437,-0.2371026526775934
616,-0.306324172236198
633,-0.306324172236198
3963,-0.2371026526775934
2868,-0.2371026526775934
2280,-0.2371026526775934
411,-0.306324172236198
192,-0.306324172236198
1535,-0.306324172236198
3897,-0.2371026526775934
1625,-0.306324172236198
2764,-0.2371026526775934
435,-0.306324172236198
3596,-0.2371026526775934
1958,-0.306324172236198
3271,-0.2371026526775934
865,-0.306324172236198
2172,-0.2371026526775934
3507,-0.2371026526775934
3445,-0.2371026526775934
255,-0.306324172236198
829,-0.306324172236198
458,-0.306324172236198
2208,-0.2371026526775934
523,-0.306324172236198
2458,-0.2371026526775934
449,-0.306324172236198
553,-0.306324172236198
160,-0.306324172236198
3195,-0.2371026526775934
2599,-0.2371026526775934
2648,-0.2371026526775934
537,-0.306324172236198
1495,-0.306324172236198
1582,-0.306324172236198
3109,-0.2371026526775934
473,-0.306324172236198
2799,3.9929765313757546
2138,-0.2371026526775934
831,-0.306324172236198
51,-0.306324172236198
1067,-0.306324172236198
3139,-0.2371026526775934
1462,-0.306324172236198
2181,-0.2371026526775934
2200,-0.2371026526775934
3341,-0.2371026526775934
169,-0.306324172236198
2359,-0.2371026526775934
932,-0.306324172236198
540,2.7061125654622176
2543,-0.2371026526775934
699,-0.306324172236198
1359,2.7061125654622176
3219,-0.2371026526775934
1481,2.7061125654622176
4004,-0.2371026526775934
2806,-0.2371026526775934
2207,-0.2371026526775934
54,-0.306324172236198
2852,-0.2371026526775934
924,-0.306324172236198
815,-0.306324172236198
657,-0.306324172236198
1076,-0.306324172236198
88,-0.306324172236198
1086,-0.306324172236198
211,-0.306324172236198
1938,-0.306324172236198
16,-0.306324172236198
2381,3.9929765313757546
409,-0.306324172236198
660,-0.306324172236198
1428,-0.306324172236198
2841,-0.2371026526775934
686,2.7061125654622176
1393,-0.306324172236198
1749,-0.306324172236198
448,-0.306324172236198
312,-0.306324172236198
1643,-0.306324172236198
2901,-0.2371026526775934
1904,-0.306324172236198
333,-0.306324172236198
1064,-0.306324172236198
1230,-0.306324172236198
1919,-0.306324172236198
1154,-0.306324172236198
2164,-0.2371026526775934
1872,-0.306324172236198
3541,-0.2371026526775934
1880,-0.306324172236198
186,-0.306324172236198
3113,-0.2371026526775934
1290,-0.306324172236198
3727,-0.2371026526775934
811,-0.306324172236198
1173,-0.306324172236198
3411,-0.2371026526775934
2377,-0.2371026526775934
1923,-0.306324172236198
2454,-0.2371026526775934
2995,-0.2371026526775934
2831,-0.2371026526775934
2301,-0.2371026526775934
2027,-0.2371026526775934
3185,3.9929765313757546
3393,-0.2371026526775934
522,-0.306324172236198
2224,-0.2371026526775934
3885,-0.2371026526775934
1052,-0.306324172236198
2539,-0.2371026526775934
153,2.7061125654622176
1960,-0.306324172236198
782,-0.306324172236198
3968,-0.2371026526775934
912,-0.306324172236198
49,-0.306324172236198
740,-0.306324172236198
1267,-0.306324172236198
2364,-0.2371026526775934
3572,3.9929765313757546
2472,-0.2371026526775934
2449,-0.2371026526775934
3150,-0.2371026526775934
3374,-0.2371026526775934
433,-0.306324172236198
2205,-0.2371026526775934
1027,-0.306324172236198
1798,-0.306324172236198
1691,-0.306324172236198
704,-0.306324172236198
1937,-0.306324172236198
1461,-0.306324172236198
3133,-0.2371026526775934
2174,-0.2371026526775934
1004,-0.306324172236198
342,-0.306324172236198
1642,2.7061125654622176
1045,-0.306324172236198
3319,-0.2371026526775934
2620,-0.2371026526775934
2051,-0.2371026526775934
29,-0.306324172236198
2284,-0.2371026526775934
3642,-0.2371026526775934
915,-0.306324172236198
3954,-0.2371026526775934
3438,-0.2371026526775934
3946,3.9929765313757546
591,-0.306324172236198
3723,-0.2371026526775934
327,-0.306324172236198
2916,-0.2371026526775934
2884,-0.2371026526775934
3958,-0.2371026526775934
2325,-0.2371026526775934
1465,-0.306324172236198
3428,-0.2371026526775934
3658,-0.2371026526775934
3771,-0.2371026526775934
806,-0.306324172236198
2221,-0.2371026526775934
1432,-0.306324172236198
2704,-0.2371026526775934
1529,-0.306324172236198
324,-0.306324172236198
1794,-0.306324172236198
237,-0.306324172236198
1469,-0.306324172236198
3809,-0.2371026526775934
1156,-0.306324172236198
3343,-0.2371026526775934
2771,-0.2371026526775934
2544,-0.2371026526775934
3019,-0.2371026526775934
3966,-0.2371026526775934
693,2.7061125654622176
3623,-0.2371026526775934
27,-0.306324172236198
3371,-0.2371026526775934
1668,-0.306324172236198
1720,-0.306324172236198
3389,3.9929765313757546
3587,-0.2371026526775934
2534,-0.2371026526775934
3240,-0.2371026526775934
3822,-0.2371026526775934
2417,-0.2371026526775934
1779,-0.306324172236198
535,-0.306324172236198
629,-0.306324172236198
1368,-0.306324172236198
2746,3.9929765313757546
1665,-0.306324172236198
2734,-0.2371026526775934
2661,3.9929765313757546
3074,-0.2371026526775934
3423,-0.2371026526775934
2074,-0.2371026526775934
3313,-0.2371026526775934
499,-0.306324172236198
1228,-0.306324172236198
1095,-0.306324172236198
2504,-0.2371026526775934
3613,3.9929765313757546
1770,-0.306324172236198
1959,-0.306324172236198
2372,-0.2371026526775934
3122,-0.2371026526775934
3564,-0.2371026526775934
524,-0.306324172236198
2800,-0.2371026526775934
3725,-0.2371026526775934
1325,-0.306324172236198
1751,-0.306324172236198
2016,-0.2371026526775934
2173,-0.2371026526775934
3349,-0.2371026526775934
2782,-0.2371026526775934
2520,-0.2371026526775934
3859,-0.2371026526775934
2485,-0.2371026526775934
3704,-0.2371026526775934
1747,-0.306324172236198
1539,-0.306324172236198
3501,-0.2371026526775934
463,-0.306324172236198
2034,-0.2371026526775934
1796,-0.306324172236198
1677,-0.306324172236198
322,-0.306324172236198
3170,-0.2371026526775934
2789,-0.2371026526775934
366,-0.306324172236198
2261,-0.2371026526775934
1356,-0.306324172236198
3025,-0.2371026526775934
1806,-0.306324172236198
69,-0.306324172236198
3797,-0.2371026526775934
233,-0.306324172236198
2878,-0.2371026526775934
2448,-0.2371026526775934
634,-0.306324172236198
1915,-0.306324172236198
209,-0.306324172236198
2459,-0.2371026526775934
3178,-0.2371026526775934
3306,8.223055715429103
1648,-0.306324172236198
2592,-0.2371026526775934
2506,-0.2371026526775934
3857,-0.2371026526775934
1711,-0.306324172236198
1445,-0.306324172236198
1421,-0.306324172236198
2700,-0.2371026526775934
132,-0.306324172236198
417,-0.306324172236198
3556,-0.2371026526775934
481,-0.306324172236198
603,-0.306324172236198
470,2.7061125654622176
602,-0.306324172236198
1473,-0.306324172236198
1147,-0.306324172236198
3070,-0.2371026526775934
514,-0.306324172236198
2125,-0.2371026526775934
2439,-0.2371026526775934
3440,-0.2371026526775934
3257,-0.2371026526775934
1171,-0.306324172236198
2079,-0.2371026526775934
1640,-0.306324172236198
3931,-0.2371026526775934
3123,-0.2371026526775934
3628,-0.2371026526775934
2067,-0.2371026526775934
548,-0.306324172236198
2918,-0.2371026526775934
3045,-0.2371026526775934
1344,-0.306324172236198
3352,-0.2371026526775934
2303,-0.2371026526775934
631,2.7061125654622176
2384,-0.2371026526775934
3072,-0.2371026526775934
303,-0.306324172236198
2201,-0.2371026526775934
884,-0.306324172236198
1412,-0.306324172236198
2453,-0.2371026526775934
166,-0.306324172236198
2297,-0.2371026526775934
118,-0.306324172236198
586,-0.306324172236198
3929,-0.2371026526775934
1265,-0.306324172236198
145,-0.306324172236198
560,-0.306324172236198
1189,-0.306324172236198
3676,-0.2371026526775934
200,-0.306324172236198
217,-0.306324172236198
1298,-0.306324172236198
2797,-0.2371026526775934
2742,-0.2371026526775934
2018,-0.2371026526775934
1081,-0.306324172236198
1610,-0.306324172236198
2560,-0.2371026526775934
3368,-0.2371026526775934
1098,2.7061125654622176
2531,-0.2371026526775934
3453,-0.2371026526775934
2270,3.9929765313757546
3996,-0.2371026526775934
3756,-0.2371026526775934
3332,-0.2371026526775934
1715,-0.306324172236198
2865,-0.2371026526775934
2255,-0.2371026526775934
1614,-0.306324172236198
1198,-0.306324172236198
151,-0.306324172236198
2276,-0.2371026526775934
1163,-0.306324172236198
2976,-0.2371026526775934
1447,-0.306324172236198
194,-0.306324172236198
2981,-0.2371026526775934
4,-0.306324172236198
1659,-0.306324172236198
3224,-0.2371026526775934
1075,-0.306324172236198
3720,-0.2371026526775934
3463,3.9929765313757546
2633,-0.2371026526775934
1288,-0.306324172236198
2705,-0.2371026526775934
1934,-0.306324172236198
908,-0.306324172236198
3214,-0.2371026526775934
1815,-0.306324172236198
168,-0.306324172236198
2676,-0.2371026526775934
1055,-0.306324172236198
1333,2.7061125654622176
2053,-0.2371026526775934
3384,-0.2371026526775934
1477,2.7061125654622176
2511,-0.2371026526775934
2001,-0.306324172236198
1658,-0.306324172236198
2796,-0.2371026526775934
2115,-0.2371026526775934
3164,-0.2371026526775934
1598,-0.306324172236198
1424,-0.306324172236198
3154,-0.2371026526775934
1852,-0.306324172236198
855,-0.306324172236198
468,-0.306324172236198
1165,-0.306324172236198
3576,-0.2371026526775934
3750,-0.2371026526775934
108,2.7061125654622176
2752,3.9929765313757546
770,-0.306324172236198
1873,-0.306324172236198
39,-0.306324172236198
2910,-0.2371026526775934
3563,-0.2371026526775934
1564,-0.306324172236198
1054,-0.306324172236198
1401,-0.306324172236198
2526,-0.2371026526775934
2240,-0.2371026526775934
3136,-0.2371026526775934
1526,-0.306324172236198
1586,-0.306324172236198
19,-0.306324172236198
422,-0.306324172236198
709,-0.306324172236198
291,-0.306324172236198
1605,-0.306324172236198
2714,-0.2371026526775934
2143,-0.2371026526775934
547,-0.306324172236198
2647,-0.2371026526775934
1011,-0.306324172236198
1832,-0.306324172236198
746,-0.306324172236198
223,-0.306324172236198
33,2.7061125654622176
1636,-0.306324172236198
1781,-0.306324172236198
201,-0.306324172236198
1269,-0.306324172236198
3179,-0.2371026526775934
1387,-0.306324172236198
871,-0.306324172236198
843,-0.306324172236198
2601,-0.2371026526775934
2468,-0.2371026526775934
1255,2.7061125654622176
1723,-0.306324172236198
930,-0.306324172236198
743,-0.306324172236198
213,-0.306324172236198
1878,2.7061125654622176
819,-0.306324172236198
1262,-0.306324172236198
3128,-0.2371026526775934
3363,-0.2371026526775934
580,-0.306324172236198
1969,-0.306324172236198
3800,-0.2371026526775934
1369,-0.306324172236198
3216,-0.2371026526775934
3682,-0.2371026526775934
371,2.7061125654622176
3328,-0.2371026526775934
2130,-0.2371026526775934
2266,-0.2371026526775934
2793,-0.2371026526775934
715,2.7061125654622176
2182,-0.2371026526775934
2447,-0.2371026526775934
1383,-0.306324172236198
3160,-0.2371026526775934
756,-0.306324172236198
3567,3.9929765313757546
1047,-0.306324172236198
1002,-0.306324172236198
2988,-0.2371026526775934
1572,-0.306324172236198
2885,-0.2371026526775934
2717,-0.2371026526775934
2304,-0.2371026526775934
556,-0.306324172236198
1879,-0.306324172236198
2281,-0.2371026526775934
3742,-0.2371026526775934
886,-0.306324172236198
2392,-0.2371026526775934
3486,-0.2371026526775934
2113,-0.2371026526775934
3408,-0.2371026526775934
419,-0.306324172236198
1777,-0.306324172236198
2482,-0.2371026526775934
2412,-0.2371026526775934
77,-0.306324172236198
379,-0.306324172236198
4015,-0.2371026526775934
748,-0.306324172236198
1427,-0.306324172236198
1590,-0.306324172236198
3036,-0.2371026526775934
1661,-0.306324172236198
3730,-0.2371026526775934
2937,-0.2371026526775934
723,-0.306324172236198
258,-0.306324172236198
3060,-0.2371026526775934
3817,-0.2371026526775934
3519,-0.2371026526775934
310,-0.306324172236198
3143,-0.2371026526775934
2524,-0.2371026526775934
1858,-0.306324172236198
3860,-0.2371026526775934
2607,-0.2371026526775934
785,-0.306324172236198
2318,-0.2371026526775934
2465,-0.2371026526775934
2050,-0.2371026526775934
1905,2.7061125654622176
508,-0.306324172236198
1741,-0.306324172236198
2812,-0.2371026526775934
2870,-0.2371026526775934
532,-0.306324172236198
2710,-0.2371026526775934
1268,-0.306324172236198
3190,-0.2371026526775934
2944,-0.2371026526775934
483,-0.306324172236198
1613,-0.306324172236198
2666,-0.2371026526775934
2813,-0.2371026526775934
3050,-0.2371026526775934
3291,-0.2371026526775934
2390,-0.2371026526775934
230,-0.306324172236198
579,-0.306324172236198
642,2.7061125654622176
1216,-0.306324172236198
933,-0.306324172236198
3294,-0.2371026526775934
3088,-0.2371026526775934
2951,-0.2371026526775934
2098,-0.2371026526775934
3365,-0.2371026526775934
3163,-0.2371026526775934
3850,-0.2371026526775934
2551,3.9929765313757546
1243,-0.306324172236198
193,-0.306324172236198
3213,-0.2371026526775934
3534,-0.2371026526775934
2361,-0.2371026526775934
1475,-0.306324172236198
2019,-0.2371026526775934
572,-0.306324172236198
3585,-0.2371026526775934
498,-0.306324172236198
3090,-0.2371026526775934
578,-0.306324172236198
53,-0.306324172236198
497,-0.306324172236198
3595,-0.2371026526775934
1854,-0.306324172236198
3311,-0.2371026526775934
3375,-0.2371026526775934
67,-0.306324172236198
1731,-0.306324172236198
1997,-0.306324172236198
3618,-0.2371026526775934
3430,-0.2371026526775934
2603,-0.2371026526775934
3012,3.9929765313757546
1961,-0.306324172236198
161,-0.306324172236198
2632,3.9929765313757546
881,-0.306324172236198
3168,-0.2371026526775934
995,-0.306324172236198
1612,-0.306324172236198
2131,-0.2371026526775934
450,-0.306324172236198
3256,-0.2371026526775934
3119,-0.2371026526775934
3471,-0.2371026526775934
763,-0.306324172236198
1059,-0.306324172236198
1192,-0.306324172236198
3334,-0.2371026526775934
1990,-0.306324172236198
3706,-0.2371026526775934
2570,-0.2371026526775934
1760,-0.306324172236198
3887,-0.2371026526775934
2196,-0.2371026526775934
3776,-0.2371026526775934
3180,-0.2371026526775934
2571,-0.2371026526775934
3620,-0.2371026526775934
1180,-0.306324172236198
732,-0.306324172236198
2946,3.9929765313757546
3798,-0.2371026526775934
559,-0.306324172236198
597,-0.306324172236198
3474,-0.2371026526775934
1506,-0.306324172236198
1015,-0.306324172236198
3018,3.9929765313757546
1791,-0.306324172236198
2564,-0.2371026526775934
1606,-0.306324172236198
3005,-0.2371026526775934
2645,-0.2371026526775934
2640,-0.2371026526775934
4013,-0.2371026526775934
3293,-0.2371026526775934
3744,-0.2371026526775934
1448,-0.306324172236198
1007,-0.306324172236198
1320,-0.306324172236198
1339,-0.306324172236198
3932,-0.2371026526775934
2984,-0.2371026526775934
3778,-0.2371026526775934
1206,-0.306324172236198
690,-0.306324172236198
305,-0.306324172236198
3780,-0.2371026526775934
735,2.7061125654622176
3380,-0.2371026526775934
3923,-0.2371026526775934
1542,-0.306324172236198
2484,-0.2371026526775934
381,-0.306324172236198
500,-0.306324172236198
1942,-0.306324172236198
1104,-0.306324172236198
3945,-0.2371026526775934
3476,3.9929765313757546
3550,-0.2371026526775934
2069,-0.2371026526775934
876,-0.306324172236198
1656,-0.306324172236198
3660,-0.2371026526775934
373,2.7061125654622176
4031,-0.2371026526775934
3835,-0.2371026526775934
2356,-0.2371026526775934
3436,-0.2371026526775934
2679,-0.2371026526775934
3355,3.9929765313757546
3209,-0.2371026526775934
3132,-0.2371026526775934
1600,-0.306324172236198
1719,-0.306324172236198
3655,-0.2371026526775934
1929,-0.306324172236198
1644,-0.306324172236198
2460,-0.2371026526775934
361,-0.306324172236198
402,-0.306324172236198
2204,-0.2371026526775934
2432,-0.2371026526775934
2858,-0.2371026526775934
1763,-0.306324172236198
140,-0.306324172236198
2527,-0.2371026526775934
2092,-0.2371026526775934
3400,-0.2371026526775934
216,-0.306324172236198
4029,-0.2371026526775934
1759,-0.306324172236198
862,-0.306324172236198
3521,-0.2371026526775934
1693,-0.306324172236198
2540,-0.2371026526775934
1413,-0.306324172236198
3304,-0.2371026526775934
2425,-0.2371026526775934
1886,-0.306324172236198
3166,-0.2371026526775934
724,-0.306324172236198
3282,-0.2371026526775934
952,-0.306324172236198
3481,-0.2371026526775934
2697,-0.2371026526775934
2139,-0.2371026526775934
883,-0.306324172236198
2310,-0.2371026526775934
3388,-0.2371026526775934
2748,-0.2371026526775934
2156,-0.2371026526775934
2133,-0.2371026526775934
648,-0.306324172236198
1049,-0.306324172236198
68,-0.306324172236198
3950,-0.2371026526775934
2245,-0.2371026526775934
1947,-0.306324172236198
1039,-0.306324172236198
1071,-0.306324172236198
2136,-0.2371026526775934
1850,-0.306324172236198
3597,-0.2371026526775934
3488,-0.2371026526775934
1975,-0.306324172236198
2608,-0.2371026526775934
1453,-0.306324172236198
2879,-0.2371026526775934
2122,-0.2371026526775934
479,-0.306324172236198
172,-0.306324172236198
1364,-0.306324172236198
170,-0.306324172236198
184,-0.306324172236198
1734,-0.306324172236198
2932,-0.2371026526775934
2383,-0.2371026526775934
2119,-0.2371026526775934
3236,-0.2371026526775934
3630,-0.2371026526775934
2087,-0.2371026526775934
3636,3.9929765313757546
3919,-0.2371026526775934
1752,-0.306324172236198
1696,2.7061125654622176
92,-0.306324172236198
2577,-0.2371026526775934
3881,-0.2371026526775934
2894,3.9929765313757546
95,-0.306324172236198
708,-0.306324172236198
3462,-0.2371026526775934
622,-0.306324172236198
2409,-0.2371026526775934
2367,-0.2371026526775934
3174,-0.2371026526775934
3281,-0.2371026526775934
1983,2.7061125654622176
3350,-0.2371026526775934
1209,-0.306324172236198
3627,-0.2371026526775934
2145,-0.2371026526775934
3638,3.9929765313757546
1728,-0.306324172236198
2837,-0.2371026526775934
1117,2.7061125654622176
877,-0.306324172236198
3977,-0.2371026526775934
176,-0.306324172236198
343,-0.306324172236198
1846,-0.306324172236198
1354,-0.306324172236198
2252,-0.2371026526775934
131,-0.306324172236198
1724,-0.306324172236198
1839,-0.306324172236198
30,-0.306324172236198
2363,-0.2371026526775934
3842,-0.2371026526775934
3458,-0.2371026526775934
1390,-0.306324172236198
2339,-0.2371026526775934
1151,-0.306324172236198
2430,-0.2371026526775934
2188,-0.2371026526775934
2038,-0.2371026526775934
124,-0.306324172236198
199,-0.306324172236198
950,-0.306324172236198
2031,3.9929765313757546
1632,-0.306324172236198
2888,-0.2371026526775934
2355,-0.2371026526775934
3305,-0.2371026526775934
3559,3.9929765313757546
671,-0.306324172236198
254,-0.306324172236198
87,-0.306324172236198
3331,-0.2371026526775934
619,2.7061125654622176
12,-0.306324172236198
2295,-0.2371026526775934
2227,-0.2371026526775934
79,-0.306324172236198
2829,-0.2371026526775934
2272,-0.2371026526775934
1588,-0.306324172236198
1362,-0.306324172236198
2757,-0.2371026526775934
2923,-0.2371026526775934
2798,-0.2371026526775934
3565,-0.2371026526775934
666,-0.306324172236198
2503,-0.2371026526775934
722,-0.306324172236198
731,-0.306324172236198
3267,-0.2371026526775934
1152,-0.306324172236198
2275,-0.2371026526775934
3837,-0.2371026526775934
2429,-0.2371026526775934
2387,-0.2371026526775934
2041,-0.2371026526775934
3318,-0.2371026526775934
736,-0.306324172236198
284,-0.306324172236198
1518,2.7061125654622176
1347,-0.306324172236198
3039,-0.2371026526775934
3280,-0.2371026526775934
269,-0.306324172236198
2491,-0.2371026526775934
350,-0.306324172236198
1090,-0.306324172236198
3482,-0.2371026526775934
2718,-0.2371026526775934
1277,-0.306324172236198
1732,-0.306324172236198
1122,5.718549303160633
856,5.718549303160633
2889,-0.2371026526775934
3719,-0.2371026526775934
386,-0.306324172236198
1627,-0.306324172236198
3456,-0.2371026526775934
1813,-0.306324172236198
1398,-0.306324172236198
2078,-0.2371026526775934
3696,-0.2371026526775934
1012,-0.306324172236198
1040,-0.306324172236198
1944,-0.306324172236198
2842,-0.2371026526775934
1695,-0.306324172236198
336,-0.306324172236198
2518,-0.2371026526775934
3125,-0.2371026526775934
2312,-0.2371026526775934
1127,-0.306324172236198
3755,-0.2371026526775934
1704,-0.306324172236198
1726,-0.306324172236198
1414,-0.306324172236198
1227,-0.306324172236198
2875,-0.2371026526775934
2627,-0.2371026526775934
3700,-0.2371026526775934
2768,-0.2371026526775934
3455,-0.2371026526775934
1567,-0.306324172236198
2211,-0.2371026526775934
861,-0.306324172236198
3978,-0.2371026526775934
11,-0.306324172236198
3892,-0.2371026526775934
3446,-0.2371026526775934
2656,-0.2371026526775934
2032,-0.2371026526775934
1185,-0.306324172236198
2904,-0.2371026526775934
2348,-0.2371026526775934
3733,-0.2371026526775934
1184,-0.306324172236198
1082,-0.306324172236198
442,-0.306324172236198
3665,-0.2371026526775934
813,-0.306324172236198
3416,-0.2371026526775934
1889,-0.306324172236198
776,-0.306324172236198
1894,-0.306324172236198
1601,-0.306324172236198
1595,-0.306324172236198
3925,-0.2371026526775934
1110,-0.306324172236198
2194,-0.2371026526775934
1533,-0.306324172236198
2029,-0.2371026526775934
3902,-0.2371026526775934
1654,-0.306324172236198
2028,-0.2371026526775934
1645,-0.306324172236198
1995,-0.306324172236198
260,-0.306324172236198
3107,-0.2371026526775934
3073,-0.2371026526775934
1681,-0.306324172236198
231,-0.306324172236198
563,-0.306324172236198
1107,-0.306324172236198
3802,-0.2371026526775934
606,-0.306324172236198
159,-0.306324172236198
513,-0.306324172236198
3907,-0.2371026526775934
115,-0.306324172236198
2480,-0.2371026526775934
2683,-0.2371026526775934
3030,-0.2371026526775934
3775,3.9929765313757546
3973,-0.2371026526775934
3407,-0.2371026526775934
1584,-0.306324172236198
3278,-0.2371026526775934
2529,-0.2371026526775934
1684,-0.306324172236198
2999,-0.2371026526775934
452,-0.306324172236198
2193,-0.2371026526775934
1450,-0.306324172236198
2288,-0.2371026526775934
2508,-0.2371026526775934
268,-0.306324172236198
3995,-0.2371026526775934
2340,-0.2371026526775934
2197,3.9929765313757546
3547,-0.2371026526775934
3131,-0.2371026526775934
1084,-0.306324172236198
2163,-0.2371026526775934
2492,-0.2371026526775934
1013,-0.306324172236198
3024,-0.2371026526775934
3983,-0.2371026526775934
3988,-0.2371026526775934
520,-0.306324172236198
678,-0.306324172236198
3829,-0.2371026526775934
1727,-0.306324172236198
1078,-0.306324172236198
926,-0.306324172236198
2791,-0.2371026526775934
3254,-0.2371026526775934
1964,-0.306324172236198
2863,-0.2371026526775934
3390,-0.2371026526775934
817,-0.306324172236198
2256,-0.2371026526775934
1400,-0.306324172236198
477,-0.306324172236198
4025,-0.2371026526775934
3664,-0.2371026526775934
611,-0.306324172236198
826,-0.306324172236198
1717,-0.306324172236198
2416,-0.2371026526775934
1729,-0.306324172236198
495,2.7061125654622176
1308,-0.306324172236198
3666,-0.2371026526775934
3531,-0.2371026526775934
3870,-0.2371026526775934
1851,-0.306324172236198
1966,-0.306324172236198
2924,-0.2371026526775934
5,2.7061125654622176
2751,-0.2371026526775934
2903,-0.2371026526775934
356,-0.306324172236198
3637,-0.2371026526775934
378,-0.306324172236198
3108,-0.2371026526775934
665,-0.306324172236198
380,-0.306324172236198
838,-0.306324172236198
1119,-0.306324172236198
3252,-0.2371026526775934
821,-0.306324172236198
2176,-0.2371026526775934
3147,-0.2371026526775934
3673,-0.2371026526775934
2896,-0.2371026526775934
726,-0.306324172236198
557,-0.306324172236198
931,-0.306324172236198
3785,-0.2371026526775934
1389,-0.306324172236198
1753,-0.306324172236198
1553,-0.306324172236198
162,-0.306324172236198
3138,3.9929765313757546
1602,-0.306324172236198
93,-0.306324172236198
953,2.7061125654622176
2754,-0.2371026526775934
2753,-0.2371026526775934
1809,2.7061125654622176
1690,-0.306324172236198
3034,3.9929765313757546
3991,-0.2371026526775934
790,-0.306324172236198
3198,-0.2371026526775934
2925,-0.2371026526775934
858,-0.306324172236198
3492,-0.2371026526775934
28,-0.306324172236198
529,-0.306324172236198
3312,-0.2371026526775934
3381,-0.2371026526775934
1128,-0.306324172236198
155,-0.306324172236198
787,-0.306324172236198
408,-0.306324172236198
2554,-0.2371026526775934
2914,-0.2371026526775934
3653,-0.2371026526775934
3516,-0.2371026526775934
390,-0.306324172236198
620,-0.306324172236198
1458,-0.306324172236198
1068,-0.306324172236198
1338,2.7061125654622176
3743,-0.2371026526775934
